rank,name,slug,poss,orapm,drapm,rapm
1,Stephen Curry,GSW,12144,5.4182,1.2478,6.666
2,Chris Paul,LAC,8413,2.5115,2.7203,5.2318
3,Jimmy Butler,CHI,11991,2.4034,2.5327,4.9361
4,Jae Crowder,BOS,10256,2.3605,2.5159,4.8764
5,Kyle Lowry,TOR,9515,3.4807,1.2795,4.7602
6,Draymond Green,GSW,11172,1.663,3.0268,4.6899
7,LeBron James,CLE,12053,4.2423,0.3045,4.5469
8,Nikola Jokic,DEN,8971,4.2287,0.2993,4.5279
9,Bradley Beal,WAS,11845,3.1803,1.0612,4.2415
10,Rudy Gobert,UTA,11271,0.6111,3.4793,4.0903
11,Patrick Patterson,TOR,6861,2.5056,1.4323,3.9379
12,Anthony Davis,NOP,11910,0.8876,3.038,3.9256
13,Kevin Love,CLE,8206,2.2716,1.5915,3.8631
14,Danilo Gallinari,DEN,9437,2.4855,1.1285,3.614
15,Kawhi Leonard,SAS,10334,4.4319,-0.8355,3.5964
16,Klay Thompson,GSW,11838,2.7803,0.6397,3.42
17,Patty Mills,SAS,7618,2.0358,1.3736,3.4094
18,Maurice Harkless,POR,9735,2.8572,0.5221,3.3794
19,Kevin Durant,GSW,9387,2.8609,0.3808,3.2417
20,Lou Williams,LAL,6298,3.1698,-0.0014,3.1684
21,Victor Oladipo,OKC,9952,-0.4008,3.5368,3.1359
22,Tim Hardaway,ATL,9567,2.5433,0.5736,3.1169
23,JaVale McGee,GSW,3422,3.2286,-0.1965,3.0321
24,Russell Westbrook,OKC,12700,2.7851,0.1989,2.9839
25,Khris Middleton,MIL,3677,1.8638,1.0682,2.932
26,Gordon Hayward,UTA,10362,2.0977,0.7988,2.8964
27,Danny Green,SAS,7464,0.4248,2.4533,2.878
28,Nikola Mirotic,CHI,7226,1.4991,1.3655,2.8646
29,Jared Dudley,PHO,6236,0.1231,2.68,2.8031
30,Hassan Whiteside,MIA,10786,1.6675,1.0489,2.7164
31,Isaiah Thomas,BOS,11248,5.0891,-2.3848,2.7044
32,Eric Gordon,HOU,10549,0.8211,1.8355,2.6566
33,Mike Conley,MEM,9562,2.7183,-0.1424,2.5759
34,James Harden,HOU,13351,3.04,-0.4967,2.5433
35,Paul Millsap,ATL,10384,0.8455,1.6088,2.4543
36,Paul George,IND,11510,2.0755,0.3504,2.4258
37,George Hill,UTA,6302,0.9973,1.4017,2.3991
38,Aron Baynes,DET,4940,0.2113,2.1675,2.3788
39,Jonas Jerebko,BOS,5346,2.1158,0.2423,2.3581
40,Vince Carter,MEM,7613,1.1035,1.231,2.3345
41,Joel Embiid,PHI,3468,-0.0072,2.3235,2.3163
42,C.J. McCollum,POR,12218,1.8747,0.3839,2.2586
43,Blake Griffin,LAC,9152,1.9598,0.2443,2.2041
44,Ryan Anderson,HOU,9428,1.9058,0.2673,2.1731
45,Lucas Nogueira,TOR,4680,1.0715,1.0885,2.16
46,Zaza Pachulia,GSW,5663,1.3597,0.7442,2.1039
47,Leandro Barbosa,PHO,4313,1.5007,0.6013,2.102
48,Fred VanVleet,TOR,1283,-0.2786,2.3582,2.0795
49,Rudy Gay,SAC,4395,0.0605,1.9768,2.0372
50,Raul Neto,UTA,1461,0.4376,1.5846,2.0222
51,David Lee,SAS,6337,1.2944,0.7142,2.0086
52,DeMar DeRozan,TOR,11290,2.0164,-0.0125,2.0039
53,Beno Udrih,DET,2326,0.5804,1.4052,1.9856
54,Jonathon Simmons,SAS,5963,-0.8782,2.8234,1.9452
55,Andre Iguodala,GSW,8973,1.0557,0.8752,1.9309
56,Patrick Beverley,HOU,9129,2.1595,-0.2461,1.9134
57,Jason Terry,MIL,5755,0.0615,1.8446,1.9061
58,Nemanja Bjelica,MIN,5140,-0.9321,2.789,1.8569
59,Lou Williams,TOT,9055,2.1917,-0.3359,1.8558
60,Pierre Jackson,DAL,360,0.7717,1.0792,1.8509
61,Markieff Morris,WAS,10414,0.6466,1.1838,1.8304
62,Anthony Morrow,CHI,375,0.7618,1.0625,1.8243
63,Giannis Antetokounmpo,MIL,12106,0.3955,1.4258,1.8213
64,Devin Harris,DAL,4576,0.3805,1.4323,1.8128
65,Okaro White,MIA,2001,1.1954,0.6097,1.8051
66,Amir Johnson,BOS,6881,0.7371,1.0308,1.7679
67,David West,GSW,3607,0.4368,1.3168,1.7536
68,Kyle Anderson,SAS,4319,-0.0225,1.7583,1.7358
69,Seth Curry,DAL,8259,1.2373,0.4953,1.7326
70,Manu Ginobili,SAS,5732,0.8862,0.8352,1.7214
71,Greg Monroe,MIL,7750,2.5231,-0.8168,1.7063
72,Tyler Ennis,LAL,1729,0.4,1.2694,1.6694
73,Solomon Hill,NOP,10475,0.3879,1.2762,1.6641
74,Luc Mbah a Moute,LAC,7745,0.3362,1.3209,1.657
75,Nick Young,LAL,6910,1.6628,-0.0187,1.6441
76,Nerlens Noel,DAL,1977,0.9881,0.6355,1.6236
77,DeAndre Jordan,LAC,11277,0.5099,1.0845,1.5944
78,Marreese Speights,LAC,5493,1.7756,-0.1813,1.5943
79,Kyrie Irving,CLE,10945,3.3434,-1.751,1.5924
80,J.J. Barea,DAL,3202,0.4323,1.1566,1.589
81,Wayne Ellington,MIA,6455,1.1901,0.3905,1.5806
82,Dion Waiters,MIA,5970,0.8632,0.6963,1.5595
83,Tomas Satoransky,WAS,3037,0.225,1.3345,1.5595
84,Steven Adams,OKC,10695,0.803,0.7347,1.5378
85,Troy Daniels,MEM,5050,0.7245,0.7746,1.4991
86,Dragan Bender,PHO,2534,0.9832,0.4962,1.4793
87,Malcolm Brogdon,MIL,8444,1.3932,0.076,1.4692
88,Quincy Acy,BRK,2293,0.8659,0.5982,1.4641
89,Serge Ibaka,TOR,2954,0.9241,0.5348,1.4589
90,Robert Covington,PHI,9455,-1.1316,2.584,1.4525
91,Enes Kanter,OKC,6747,1.897,-0.4649,1.4321
92,Marc Gasol,MEM,10616,0.6756,0.7522,1.4278
93,Jamal Murray,DEN,7816,1.0873,0.3271,1.4143
94,Timothe Luwawu-Cabarrot,PHI,5340,-0.4897,1.889,1.3993
95,Monta Ellis,IND,8573,1.4359,-0.0756,1.3603
96,DeMarcus Cousins,SAC,8069,2.0646,-0.7224,1.3422
97,Justin Holiday,NYK,7129,-0.3731,1.7135,1.3403
98,Aaron Gordon,ORL,10057,1.9261,-0.609,1.3171
99,Quincy Acy,TOT,2495,0.7647,0.5373,1.3021
100,Michael Kidd-Gilchrist,CHO,9944,-0.4529,1.7538,1.3009
101,Marcus Smart,BOS,10614,-0.1022,1.3984,1.2962
102,Malik Beasley,DEN,761,0.1084,1.1566,1.2649
103,Isaiah Whitehead,BRK,7394,0.7754,0.4886,1.264
104,Shabazz Napier,POR,2160,1.621,-0.3652,1.2558
105,Tarik Black,LAL,4838,-0.5839,1.8302,1.2463
106,P.J. Tucker,TOR,2611,-0.479,1.7137,1.2347
107,Jusuf Nurkic,POR,2586,0.5848,0.646,1.2308
108,Thaddeus Young,IND,9594,0.6762,0.5392,1.2154
109,James Johnson,MIA,9160,-0.7255,1.9284,1.2029
110,Pau Gasol,SAS,6775,1.6179,-0.415,1.2029
111,Gorgui Dieng,MIN,11239,0.1804,0.9914,1.1717
112,Mindaugas Kuzminskas,NYK,4412,0.6466,0.5209,1.1675
113,Myles Turner,IND,10889,0.647,0.5081,1.1551
114,Stephen Zimmerman,ORL,450,0.6963,0.4575,1.1538
115,Cody Zeller,CHO,7301,0.0684,1.0498,1.1183
116,Clint Capela,HOU,6835,1.439,-0.3371,1.102
117,Delon Wright,TOR,1891,-0.6946,1.7864,1.0918
118,Dorian Finney-Smith,DAL,6709,0.4332,0.6418,1.075
119,Jrue Holiday,NOP,9654,-0.7942,1.8664,1.0722
120,Larry Nance,LAL,6402,-0.0628,1.1338,1.071
121,Dirk Nowitzki,DAL,5943,1.255,-0.191,1.064
122,Lance Stephenson,IND,532,0.95,0.11,1.06
123,Al-Farouq Aminu,POR,7667,-0.1844,1.234,1.0496
124,Ramon Sessions,CHO,3541,0.4327,0.6144,1.047
125,DeMarre Carroll,TOR,7978,0.7046,0.3368,1.0413
126,Caris LeVert,BRK,5717,0.9703,0.0665,1.0368
127,David Nwaba,LAL,1764,-0.5205,1.5485,1.0279
128,Shawn Long,PHI,1051,1.2562,-0.2378,1.0184
129,Trevor Ariza,HOU,12577,1.2808,-0.2669,1.0139
130,Reggie Bullock,DET,2001,0.1958,0.8121,1.0079
131,Paul Pierce,LAC,1189,0.2615,0.7321,0.9936
132,Sean Kilpatrick,BRK,8013,0.5803,0.4058,0.9861
133,Kemba Walker,CHO,11664,1.7725,-0.7882,0.9844
134,J.J. Redick,LAC,9647,1.9311,-0.9515,0.9796
135,Derrick Rose,NYK,9035,2.2513,-1.2754,0.9759
136,Chris McCullough,BRK,318,0.7394,0.2083,0.9476
137,Elfrid Payton,ORL,10628,1.2971,-0.3503,0.9468
138,Darren Collison,SAC,8750,1.4663,-0.5196,0.9468
139,Stanley Johnson,DET,5754,0.7884,0.1573,0.9457
140,Dewayne Dedmon,SAS,5573,-0.8556,1.8004,0.9448
141,Corey Brewer,HOU,4094,0.1753,0.7424,0.9177
142,Dante Exum,UTA,5122,-0.9207,1.822,0.9013
143,Karl-Anthony Towns,MIN,12910,2.6673,-1.8095,0.8577
144,Chris McCullough,TOT,357,0.6523,0.1882,0.8405
145,Jameer Nelson,DEN,8993,0.4871,0.341,0.8281
146,Brandan Wright,MEM,1862,0.1609,0.6469,0.8078
147,DeMarcus Cousins,TOT,10588,1.358,-0.5503,0.8077
148,Ersan Ilyasova,ATL,2808,0.5227,0.2497,0.7724
149,Andrew Bogut,DAL,2356,-1.985,2.7513,0.7663
150,Andrew Bogut,TOT,2357,-1.9841,2.7501,0.7659
151,John Wall,WAS,12651,1.4396,-0.6823,0.7573
152,Mason Plumlee,POR,6563,2.3073,-1.5531,0.7542
153,Roy Hibbert,CHO,2898,-0.0412,0.7934,0.7522
154,Otto Porter,WAS,11480,0.6791,0.0631,0.7423
155,Marcus Morris,DET,10964,-0.5231,1.2609,0.7379
156,Roy Hibbert,TOT,2950,-0.0449,0.7814,0.7364
157,Norman Powell,TOR,5949,0.2198,0.5063,0.7261
158,Luke Babbitt,MIA,4513,-0.2926,1.0084,0.7157
159,Andrew Wiggins,MIN,13093,2.081,-1.3689,0.7121
160,Ish Smith,DET,8399,0.1761,0.5347,0.7108
161,Terrence Ross,ORL,3323,1.7567,-1.064,0.6927
162,Al Horford,BOS,9479,1.1911,-0.5063,0.6848
163,Richard Jefferson,CLE,6985,0.2253,0.4564,0.6817
164,Buddy Hield,SAC,3095,0.6966,-0.015,0.6816
165,Tyler Ennis,TOT,2532,0.004,0.6651,0.6692
166,Darrell Arthur,DEN,2804,0.5331,0.1355,0.6686
167,Ryan Kelly,ATL,470,-0.1409,0.8091,0.6682
168,Robin Lopez,CHI,9589,1.1,-0.4378,0.6623
169,Tobias Harris,DET,10958,0.748,-0.089,0.659
170,Jordan Crawford,NOP,1904,2.263,-1.6114,0.6516
171,A.J. Hammons,DAL,693,-0.0477,0.6856,0.6379
172,Chasson Randle,NYK,969,0.8221,-0.1912,0.6309
173,Jerian Grant,CHI,4328,0.6308,-0.0035,0.6273
174,Ersan Ilyasova,TOT,9555,0.1929,0.4315,0.6244
175,Mirza Teletovic,MIL,4807,-0.2938,0.9092,0.6154
176,Tyus Jones,MIN,3334,1.11,-0.4981,0.6119
177,Serge Ibaka,TOT,10390,0.6617,-0.054,0.6077
178,C.J. Miles,IND,7612,0.4166,0.1866,0.6032
179,Malachi Richardson,SAC,851,-0.2064,0.805,0.5986
180,Ersan Ilyasova,PHI,6445,0.073,0.5172,0.5902
181,John Henson,MIL,4808,-0.2838,0.8663,0.5825
182,Davis Bertans,SAS,3466,0.2598,0.3196,0.5794
183,Lamar Patterson,ATL,166,0.0181,0.5352,0.5534
184,Harrison Barnes,DAL,11485,0.0696,0.4763,0.5459
185,Andrew Harrison,MEM,6265,-1.3994,1.944,0.5446
186,Dante Cunningham,NOP,7194,1.3957,-0.8583,0.5374
187,Anthony Brown,ORL,67,0.4898,0.0447,0.5344
188,Joel Bolomboy,UTA,225,0.0344,0.4884,0.5229
189,Jordan Hill,MIN,185,0.1466,0.3708,0.5173
190,Kyle Singler,OKC,1684,-0.5814,1.0898,0.5084
191,Malcolm Delaney,ATL,5433,-0.9992,1.5047,0.5054
192,Luol Deng,LAL,6523,-0.418,0.9172,0.4992
193,Terrence Ross,TOT,8546,1.6013,-1.106,0.4953
194,Jarell Eddie,PHO,308,-0.366,0.8491,0.4831
195,Damian Lillard,POR,11832,1.5154,-1.0352,0.4802
196,Joe Ingles,UTA,8213,1.2092,-0.7496,0.4596
197,James Ennis,MEM,6325,-0.7115,1.1695,0.458
198,Alan Williams,PHO,3260,-0.0067,0.4576,0.4509
199,Rondae Hollis-Jefferson,BRK,8116,-0.6353,1.0724,0.4372
200,Chasson Randle,TOT,1303,0.6276,-0.1911,0.4365
201,Joe Harris,BRK,5317,-1.5067,1.9389,0.4322
202,Jose Calderon,ATL,1071,-0.5055,0.9319,0.4265
203,Mason Plumlee,TOT,9301,1.753,-1.3278,0.4253
204,Langston Galloway,SAC,1610,0.5374,-0.1134,0.424
205,Tony Allen,MEM,7950,-0.2899,0.711,0.4211
206,Chris Andersen,CLE,483,0.6885,-0.2777,0.4107
207,Kelly Oubre,WAS,7061,-0.1287,0.5291,0.4004
208,Willy Hernangomez,NYK,5786,-0.1345,0.5252,0.3907
209,Deron Williams,DAL,4779,0.5263,-0.1382,0.3882
210,Gary Harris,DEN,7799,3.857,-3.4691,0.3879
211,Josh Huestis,OKC,145,0.2796,0.1077,0.3873
212,Taj Gibson,OKC,2139,0.1504,0.2329,0.3833
213,Terrence Ross,TOR,5223,1.5025,-1.1328,0.3697
214,Tyson Chandler,PHO,5812,0.2302,0.1379,0.3681
215,Rodney Stuckey,IND,2968,0.0688,0.2836,0.3524
216,Brandon Rush,MIN,4366,0.4934,-0.1599,0.3334
217,Lance Stephenson,TOT,1555,-0.3732,0.7028,0.3296
218,Anthony Tolliver,SAC,6381,0.8849,-0.5851,0.2998
219,Corey Brewer,TOT,5690,-0.1,0.3988,0.2989
220,Michael Carter-Williams,CHI,3650,-0.3109,0.6016,0.2907
221,Trey Lyles,UTA,4832,-0.6569,0.9469,0.2899
222,Boban Marjanovic,DET,1242,0.2149,0.0711,0.286
223,Salah Mejri,DAL,3681,-1.0804,1.3657,0.2853
224,Hollis Thompson,NOP,830,-0.528,0.811,0.283
225,Brice Johnson,LAC,36,0.1307,0.1508,0.2815
226,Serge Ibaka,ORL,7436,0.5575,-0.2879,0.2696
227,Thabo Sefolosha,ATL,7024,-0.7478,1.005,0.2572
228,K.J. McDaniels,BRK,1304,0.3108,-0.0545,0.2563
229,John Lucas III,MIN,47,0.0385,0.2139,0.2524
230,Toney Douglas,MEM,1709,0.3955,-0.1612,0.2343
231,Axel Toupane,NOP,179,-0.0411,0.2742,0.2331
232,Aaron Harrison,CHO,72,-0.089,0.3211,0.2321
233,Evan Fournier,ORL,9817,-0.6971,0.924,0.227
234,Norris Cole,OKC,550,-0.3863,0.6085,0.2222
235,Kristaps Porzingis,NYK,9402,-0.5521,0.7436,0.1915
236,Edy Tavares,CLE,94,0.1378,0.0522,0.19
237,Adreian Payne,MIN,594,-0.4291,0.6162,0.1872
238,Christian Wood,CHO,442,-0.2459,0.4316,0.1858
239,Edy Tavares,TOT,109,0.1169,0.067,0.1839
240,Andre Roberson,OKC,10595,-0.6623,0.8322,0.1699
241,Nerlens Noel,TOT,4519,0.174,-0.0044,0.1696
242,Axel Toupane,TOT,202,-0.0465,0.2156,0.1691
243,Anthony Brown,TOT,660,-0.1085,0.2693,0.1608
244,Channing Frye,CLE,6050,0.7691,-0.6105,0.1586
245,Edy Tavares,ATL,15,-0.0141,0.16,0.1459
246,Elijah Millsap,PHO,94,-0.1065,0.2456,0.1392
247,DeAndre Liggins,DAL,97,0.1251,0.0095,0.1347
248,Jeff Withey,UTA,1825,1.1078,-0.9732,0.1346
249,Aaron Brooks,IND,3787,-0.5245,0.6511,0.1266
250,Anthony Brown,NOP,593,-0.1761,0.2947,0.1185
251,C.J. Wilcox,ORL,450,0.0979,0.0156,0.1135
252,Larry Sanders,CLE,57,-0.0343,0.1446,0.1104
253,LaMarcus Aldridge,SAS,9630,-0.2056,0.3136,0.108
254,Bruno Caboclo,TOR,175,-0.2402,0.3282,0.088
255,Greivis Vasquez,BRK,168,0.1097,-0.0307,0.079
256,Wesley Johnson,LAC,3493,-1.1897,1.2634,0.0737
257,Demetrius Jackson,BOS,71,0.0776,-0.0045,0.0731
258,Dahntay Jones,CLE,42,0.1499,-0.0792,0.0708
259,Brandon Jennings,WAS,1639,0.432,-0.3633,0.0686
260,Maurice Ndour,NYK,1419,-0.3052,0.3541,0.0489
261,DeAndre Liggins,TOT,3322,-0.461,0.505,0.0439
262,Lance Stephenson,NOP,742,-1.3544,1.3961,0.0416
263,DeAndre Liggins,CLE,3225,-0.4787,0.5199,0.0412
264,Ron Baker,NYK,3651,-0.3043,0.3453,0.041
265,Michael Gbinije,DET,127,0.1508,-0.1201,0.0306
266,Jake Layman,POR,1089,-0.8719,0.8786,0.0066
267,Tony Snell,MIL,9976,0.4466,-0.4417,0.0049
268,Marvin Williams,CHO,9717,0.1452,-0.1443,8e-04
269,Danuel House,WAS,1,-0.0342,0.0332,-0.001
270,Deron Williams,TOT,6842,0.1409,-0.1424,-0.0015
271,Yogi Ferrell,DAL,4331,0.2647,-0.2698,-0.0051
272,Steve Novak,MIL,80,-0.0337,0.0206,-0.013
273,Thon Maker,MIL,2348,-0.151,0.1362,-0.0148
274,Wayne Selden,NOP,219,-0.2721,0.2558,-0.0162
275,Ricky Rubio,MIN,10507,0.3465,-0.3666,-0.0201
276,Ersan Ilyasova,OKC,302,-0.3153,0.2939,-0.0214
277,Montrezl Harrell,HOU,4775,1.0664,-1.0926,-0.0262
278,Chris McCullough,WAS,39,-0.0572,0.0246,-0.0327
279,Alexis Ajinca,NOP,2567,-0.5594,0.523,-0.0364
280,Tony Parker,SAS,6478,0.1235,-0.1632,-0.0398
281,Archie Goodwin,NOP,124,0.5224,-0.5646,-0.0422
282,Matt Barnes,GSW,1781,-0.6346,0.592,-0.0426
283,Marcin Gortat,WAS,11169,1.0877,-1.1391,-0.0514
284,Jarnell Stokes,DEN,30,-0.0065,-0.0473,-0.0538
285,Spencer Dinwiddie,BRK,5906,-0.2631,0.2054,-0.0577
286,Andrew Bogut,CLE,1,-0.0354,-0.0323,-0.0677
287,Terrence Jones,MIL,29,-0.1622,0.0931,-0.0691
288,Josh Richardson,MIA,6967,-0.698,0.6261,-0.0719
289,Tiago Splitter,PHI,338,0.0444,-0.1223,-0.0779
290,Joe Johnson,UTA,7615,0.4819,-0.5684,-0.0864
291,Marshall Plumlee,NYK,739,0.1962,-0.2881,-0.0918
292,Devin Booker,PHO,12466,0.338,-0.4405,-0.1025
293,Brook Lopez,BRK,10179,-0.0799,-0.0227,-0.1026
294,Johnny O'Bryant,CHO,138,-0.0085,-0.1034,-0.1119
295,Randy Foye,BRK,5844,0.1534,-0.268,-0.1146
296,Sergio Rodriguez,PHI,6658,-0.0277,-0.0878,-0.1155
297,Taj Gibson,TOT,8568,-0.5411,0.4162,-0.1249
298,JaMychal Green,MEM,8735,-0.3666,0.2391,-0.1275
299,Chasson Randle,PHI,334,0.0634,-0.1909,-0.1275
300,Tim Quarterman,POR,345,-0.4146,0.2828,-0.1318
301,Yogi Ferrell,TOT,5017,0.2454,-0.3773,-0.1319
302,Doug McDermott,OKC,1875,0.7261,-0.8587,-0.1326
303,Justise Winslow,MIA,2712,-1.4489,1.3066,-0.1423
304,Roy Hibbert,DEN,52,-0.2529,0.1102,-0.1427
305,Wesley Matthews,DAL,10230,0.1587,-0.3122,-0.1535
306,Jordan Farmar,SAC,147,0.2321,-0.3991,-0.167
307,Gary Neal,ATL,80,-0.2484,0.0676,-0.1808
308,Jerryd Bayless,PHI,307,-0.2229,0.0278,-0.1951
309,Henry Ellenson,DET,612,-0.202,0.0034,-0.1987
310,Carmelo Anthony,NYK,10969,1.1026,-1.3093,-0.2067
311,Patricio Garino,ORL,178,-0.0467,-0.161,-0.2077
312,Jodie Meeks,ORL,3229,1.2458,-1.4605,-0.2148
313,Georges Niang,IND,407,-0.0897,-0.132,-0.2217
314,Iman Shumpert,CLE,8336,0.2725,-0.5078,-0.2353
315,Paul Zipser,CHI,3604,-0.6651,0.4226,-0.2425
316,R.J. Hunter,CHI,38,-0.4294,0.1825,-0.2469
317,Courtney Lee,NYK,10539,1.0972,-1.3465,-0.2493
318,Nene Hilario,HOU,5568,-1.4964,1.2462,-0.2502
319,Alex Poythress,PHI,681,0.5183,-0.7765,-0.2582
320,Shabazz Muhammad,MIN,6509,-0.3042,0.0342,-0.27
321,Meyers Leonard,POR,5325,0.2546,-0.5314,-0.2768
322,Omri Casspi,NOP,112,0.0819,-0.3665,-0.2846
323,K.J. McDaniels,TOT,2226,0.1209,-0.4073,-0.2864
324,Lance Stephenson,MIN,281,-0.2874,-0.0053,-0.2927
325,Briante Weber,GSW,198,-0.115,-0.1783,-0.2933
326,Taj Gibson,CHI,6429,-0.7712,0.4772,-0.294
327,Rodney McGruder,MIA,8387,0.0705,-0.3653,-0.2947
328,Ty Lawson,SAC,7512,0.067,-0.3626,-0.2956
329,John Jenkins,PHO,60,-0.0494,-0.2523,-0.3017
330,Mike Tobey,CHO,97,-0.4818,0.1785,-0.3033
331,Deyonta Davis,MEM,1029,-0.7263,0.4218,-0.3045
332,Darrun Hilliard,DET,1610,-0.7241,0.4178,-0.3064
333,Omri Casspi,SAC,1676,-0.4806,0.1699,-0.3108
334,Jeremy Lin,BRK,4146,-0.2528,-0.0592,-0.312
335,Justin Anderson,PHI,2283,0.1422,-0.4668,-0.3246
336,Tyler Zeller,BOS,2322,-0.7406,0.4131,-0.3275
337,Axel Toupane,MIL,23,-0.0887,-0.24,-0.3288
338,Bojan Bogdanovic,WAS,2686,0.3281,-0.6604,-0.3324
339,Ben Bentil,DAL,47,-0.1302,-0.207,-0.3373
340,Justin Harper,PHI,138,-0.1215,-0.2234,-0.3449
341,Dario Saric,PHI,9563,-1.1051,0.7583,-0.3468
342,Quinn Cook,NOP,481,-0.0201,-0.3307,-0.3508
343,Mason Plumlee,DEN,2738,0.4244,-0.7876,-0.3632
344,Jonas Valanciunas,TOR,8745,0.4214,-0.7875,-0.3662
345,Quinn Cook,TOT,786,0.1932,-0.5659,-0.3727
346,Jerami Grant,PHI,189,-0.519,0.1415,-0.3775
347,Johnny O'Bryant,TOT,336,0.0844,-0.4658,-0.3814
348,Arinze Onuaku,ORL,112,-0.2878,-0.1164,-0.4042
349,Quinn Cook,DAL,305,0.5296,-0.9367,-0.4071
350,Joffrey Lauvergne,CHI,1040,-0.1995,-0.2085,-0.408
351,Mike Scott,ATL,843,-0.6715,0.2605,-0.4109
352,Alec Burks,UTA,2786,-0.496,0.0789,-0.4171
353,Derrick Williams,CLE,1820,0.1335,-0.5524,-0.4188
354,P.J. Tucker,TOT,9906,-0.7608,0.3369,-0.424
355,Gerald Green,BOS,2338,0.0859,-0.5198,-0.4339
356,Jarrett Jack,NOP,141,-0.4035,-0.042,-0.4456
357,Denzel Valentine,CHI,4181,-0.2196,-0.2261,-0.4458
358,Marco Belinelli,CHO,7596,0.452,-0.8997,-0.4476
359,Marcus Georges-Hunt,ORL,210,-0.2991,-0.1552,-0.4543
360,Terrence Jones,TOT,5569,-0.0628,-0.3942,-0.457
361,Terrence Jones,NOP,5540,-0.0623,-0.3967,-0.459
362,Diamond Stone,LAC,106,-0.6077,0.1129,-0.4947
363,Jarell Martin,MEM,2432,-2.263,1.7634,-0.4997
364,Miles Plumlee,MIL,1335,-1.0871,0.5804,-0.5067
365,Georgios Papagiannis,SAC,1506,0.2165,-0.7342,-0.5177
366,Luis Scola,BRK,2069,0.5046,-1.0413,-0.5367
367,Quincy Acy,DAL,202,-0.3835,-0.1534,-0.5369
368,Skal Labissiere,SAC,2632,-0.3245,-0.2212,-0.5457
369,Jeff Teague,IND,11448,0.5915,-1.1407,-0.5492
370,Alex Abrines,OKC,4698,0.7494,-1.299,-0.5495
371,J.R. Smith,CLE,5162,0.0432,-0.5961,-0.5528
372,Derrick Favors,UTA,4804,-0.7123,0.1573,-0.555
373,Johnny O'Bryant,DEN,198,0.1491,-0.7184,-0.5693
374,Jason Smith,WAS,4668,-0.2862,-0.3065,-0.5927
375,Langston Galloway,TOT,6516,-0.6413,0.0458,-0.5955
376,Zach Randolph,MEM,7473,-0.5477,-0.0518,-0.5995
377,Cameron Payne,OKC,1414,-1.3702,0.764,-0.6062
378,Mike Miller,DEN,675,-0.1782,-0.4431,-0.6214
379,Wayne Selden,TOT,987,-0.4297,-0.2039,-0.6337
380,T.J. Warren,PHO,9396,0.6666,-1.3054,-0.6388
381,Dejounte Murray,SAS,1362,-0.8687,0.2194,-0.6493
382,Rodney Hood,UTA,6482,0.1503,-0.802,-0.6517
383,Ronnie Price,PHO,611,-0.2079,-0.4465,-0.6544
384,Matthew Dellavedova,MIL,8514,-0.0107,-0.6495,-0.6602
385,Eric Bledsoe,PHO,9881,0.0951,-0.7669,-0.6717
386,Kris Dunn,MIN,5696,-0.0701,-0.6062,-0.6763
387,Alonzo Gee,DEN,419,-0.4831,-0.1979,-0.6811
388,Damian Jones,GSW,365,-0.5321,-0.1547,-0.6867
389,Willie Reed,MIA,4460,-0.6724,-0.018,-0.6904
390,Joel Anthony,SAS,508,-0.7504,0.0537,-0.6967
391,Matt Barnes,TOT,7679,-0.8718,0.1583,-0.7135
392,Spencer Hawes,MIL,722,-0.3726,-0.3417,-0.7144
393,Nikola Vucevic,ORL,9568,-1.3718,0.6543,-0.7175
394,Glenn Robinson,IND,6169,-0.9141,0.1869,-0.7272
395,Cameron Payne,TOT,2026,-1.1818,0.4544,-0.7274
396,Rakeem Christmas,IND,957,-0.8398,0.1081,-0.7317
397,Miles Plumlee,TOT,2040,-0.7961,0.0587,-0.7374
398,Isaiah Taylor,HOU,235,-0.0784,-0.666,-0.7445
399,Alan Anderson,LAC,1306,-0.0751,-0.6815,-0.7565
400,Derrick Jones,PHO,2510,-0.3164,-0.4453,-0.7617
401,Mike Dunleavy,CLE,1600,-1.2748,0.5085,-0.7663
402,Nik Stauskas,PHI,9690,0.1889,-0.9566,-0.7676
403,Goran Dragic,MIA,10655,0.545,-1.3133,-0.7683
404,Brian Roberts,CHO,1713,-0.981,0.2086,-0.7724
405,Jamal Crawford,LAC,9443,-0.3346,-0.4407,-0.7753
406,Archie Goodwin,TOT,931,-0.3821,-0.4039,-0.7861
407,Cole Aldrich,MIN,2278,0.1456,-0.9327,-0.7871
408,Doug McDermott,TOT,6466,0.3493,-1.1417,-0.7924
409,Wayne Selden,MEM,768,-0.4747,-0.335,-0.8097
410,Jeremy Lamb,CHO,4769,0.7973,-1.6112,-0.8139
411,Frank Kaminsky,CHO,8343,1.0834,-1.9101,-0.8267
412,Bobby Brown,HOU,563,-0.1785,-0.6573,-0.8358
413,Justin Hamilton,BRK,5330,-1.0051,0.165,-0.8401
414,Daniel Ochefu,WAS,325,-0.3196,-0.5293,-0.849
415,Dennis Schroder,ATL,11004,0.1538,-1.0097,-0.856
416,Derrick Williams,TOT,3416,-0.3518,-0.5122,-0.864
417,Briante Weber,TOT,815,-0.2617,-0.6088,-0.8705
418,Kyle Wiltjer,HOU,200,-0.4442,-0.4282,-0.8723
419,Ian Mahinmi,WAS,2448,-1.3762,0.4792,-0.897
420,Archie Goodwin,BRK,807,-0.5211,-0.3793,-0.9004
421,Deron Williams,CLE,2063,-0.7518,-0.1523,-0.9041
422,DeMarcus Cousins,NOP,2519,-0.9055,9e-04,-0.9046
423,Matt Barnes,SAC,5898,-0.9434,0.0274,-0.916
424,Andrew Nicholson,WAS,999,-0.9394,0.0139,-0.9255
425,Langston Galloway,NOP,4906,-1.0282,0.0981,-0.9301
426,Yogi Ferrell,BRK,686,0.1236,-1.0561,-0.9325
427,Wilson Chandler,DEN,9657,0.9178,-1.8545,-0.9367
428,T.J. McConnell,PHI,9610,-0.8568,-0.0865,-0.9433
429,Nerlens Noel,PHI,2542,-0.4592,-0.502,-0.9612
430,Ivica Zubac,LAL,2741,-0.1604,-0.8055,-0.9658
431,Hollis Thompson,TOT,3284,-1.0263,0.0568,-0.9695
432,Chandler Parsons,MEM,2785,-0.3253,-0.6519,-0.9772
433,DeAndre' Bembry,ATL,1580,-0.5506,-0.4281,-0.9787
434,Spencer Hawes,TOT,3497,-1.1639,0.1843,-0.9796
435,Pat Connaughton,POR,1324,0.1277,-1.1102,-0.9825
436,Ian Clark,GSW,5039,-0.7502,-0.2324,-0.9826
437,Marcelo Huertas,LAL,1066,-0.3988,-0.5843,-0.9831
438,Reggie Williams,NOP,360,-0.8428,-0.1534,-0.9962
439,Troy Williams,HOU,653,-0.5944,-0.403,-0.9974
440,Brandon Ingram,LAL,10140,0.1219,-1.1261,-1.0042
441,Cameron Payne,CHI,612,-0.7463,-0.261,-1.0072
442,P.J. Tucker,PHO,7295,-0.8617,-0.1559,-1.0176
443,Sam Dekker,HOU,6373,0.0333,-1.0587,-1.0254
444,Terry Rozier,BOS,5485,-1.8103,0.7712,-1.0391
445,Spencer Hawes,CHO,2775,-1.3698,0.3211,-1.0487
446,K.J. McDaniels,HOU,922,-0.1477,-0.9062,-1.0539
447,Briante Weber,CHO,617,-0.3087,-0.747,-1.0557
448,Andrew Nicholson,TOT,1478,-0.7049,-0.3516,-1.0565
449,Doug McDermott,CHI,4591,0.1954,-1.2573,-1.0619
450,Timofey Mozgov,LAL,4801,-1.5495,0.4866,-1.0629
451,Treveon Graham,CHO,778,-1.0734,0.0093,-1.0641
452,Justin Anderson,TOT,5230,-0.4653,-0.6051,-1.0704
453,Omri Casspi,TOT,2749,-0.3319,-0.7432,-1.0751
454,Willie Cauley-Stein,SAC,6039,-0.794,-0.284,-1.078
455,Nick Collison,OKC,559,-1.3151,0.2256,-1.0894
456,Nicolas Batum,CHO,11231,0.0728,-1.1634,-1.0905
457,Omer Asik,NOP,2097,-1.0145,-0.0802,-1.0947
458,Domantas Sabonis,OKC,7139,-2.1371,1.0317,-1.1054
459,Jarrod Uthoff,DAL,477,-0.2898,-0.8192,-1.1089
460,Boris Diaw,UTA,5223,-0.4061,-0.7078,-1.114
461,Manny Harris,DAL,112,-0.637,-0.4906,-1.1276
462,Cristiano Felicio,CHI,4426,-1.1266,-0.011,-1.1376
463,Lou Williams,HOU,2757,-0.0428,-1.1001,-1.1429
464,Jabari Parker,MIL,7530,0.146,-1.2969,-1.1509
465,Mike Dunleavy,TOT,3648,-1.5013,0.3473,-1.1541
466,Sasha Vujacic,NYK,1795,-1.5831,0.4196,-1.1635
467,Miles Plumlee,CHO,705,-0.2451,-0.9292,-1.1743
468,Anthony Morrow,TOT,3183,-0.7448,-0.4356,-1.1804
469,Sheldon Mac,WAS,1228,-1.3079,0.1247,-1.1832
470,Shaun Livingston,GSW,5799,-1.6513,0.4679,-1.1834
471,Ed Davis,POR,3451,-0.5324,-0.6541,-1.1864
472,Michael Beasley,MIL,4034,0.0569,-1.2462,-1.1894
473,Troy Williams,TOT,2429,-1.0342,-0.1644,-1.1985
474,Jared Sullinger,TOR,497,-1.2146,0.0111,-1.2035
475,Kelly Olynyk,BOS,6728,-1.4088,0.2035,-1.2053
476,Kosta Koufos,SAC,5971,-1.5633,0.3526,-1.2108
477,Jakob Poeltl,TOR,2660,-2.0219,0.802,-1.2199
478,Jon Leuer,DET,8277,-1.7155,0.4823,-1.2332
479,Nicolas Laprovittola,SAS,735,-1.1778,-0.056,-1.2338
480,Evan Turner,POR,7243,-1.9354,0.6852,-1.2502
481,Noah Vonleh,POR,5431,-1.66,0.3989,-1.2611
482,Cory Joseph,TOR,8573,0.0701,-1.3326,-1.2625
483,Kay Felder,CLE,1683,-1.3238,0.0599,-1.2639
484,Troy Williams,MEM,1776,-1.1958,-0.0766,-1.2725
485,Corey Brewer,LAL,1596,-0.8061,-0.4825,-1.2886
486,Jose Calderon,TOT,2328,-1.0534,-0.2443,-1.2977
487,Al Jefferson,IND,3962,-0.6305,-0.6698,-1.3002
488,Anderson Varejao,GSW,418,-0.5752,-0.7321,-1.3073
489,Jusuf Nurkic,TOT,6196,-1.7458,0.4298,-1.316
490,Kentavious Caldwell-Pope,DET,10874,-0.3498,-0.9764,-1.3262
491,Andrew Nicholson,BRK,479,-0.2159,-1.1138,-1.3297
492,Brandon Knight,PHO,5164,-1.1206,-0.2099,-1.3305
493,Brandon Jennings,TOT,7923,-0.3989,-0.9523,-1.3513
494,Richaun Holmes,PHI,5279,0.663,-2.0217,-1.3587
495,Derrick Williams,MIA,1596,-0.9052,-0.4665,-1.3717
496,Hollis Thompson,PHI,2454,-1.1948,-0.1983,-1.3931
497,Bobby Portis,CHI,4234,-0.6957,-0.7043,-1.4
498,Mike Dunleavy,ATL,2048,-1.6783,0.2213,-1.457
499,Jaylen Brown,BOS,5862,-2.1543,0.6951,-1.4592
500,Tristan Thompson,CLE,10045,-1.0823,-0.385,-1.4672
501,Chinanu Onuaku,HOU,230,-0.2952,-1.181,-1.4762
502,James Young,BOS,980,-0.9469,-0.534,-1.4809
503,Tyler Ennis,HOU,803,-0.8485,-0.6359,-1.4844
504,Kris Humphries,ATL,2958,-1.6873,0.1927,-1.4946
505,Lavoy Allen,IND,3749,-0.3992,-1.0989,-1.4981
506,Metta World Peace,LAL,694,-1.0982,-0.406,-1.5042
507,Kyle O'Quinn,NYK,5241,-0.5722,-0.9349,-1.5072
508,Austin Rivers,LAC,8943,-0.4739,-1.0356,-1.5095
509,E'Twaun Moore,NOP,8020,-0.4826,-1.0492,-1.5318
510,Juan Hernangomez,DEN,3697,0.1494,-1.6851,-1.5357
511,Udonis Haslem,MIA,571,-1.6615,0.0996,-1.5618
512,Anthony Morrow,OKC,2808,-0.946,-0.6357,-1.5817
513,D'Angelo Russell,LAL,8050,0.4656,-2.0496,-1.584
514,Dwight Howard,ATL,9730,-3.0165,1.3973,-1.6192
515,Jeff Green,ORL,6690,-1.8391,0.2135,-1.6256
516,Cheick Diallo,NOP,875,-0.5951,-1.0341,-1.6292
517,Bojan Bogdanovic,TOT,9367,-0.1724,-1.4643,-1.6367
518,Kevin Seraphin,IND,2393,-0.8384,-0.7986,-1.637
519,Taurean Waller-Prince,ATL,4329,-3.2807,1.636,-1.6447
520,Justin Anderson,DAL,2947,-0.936,-0.7122,-1.6482
521,Gary Payton,MIL,423,-1.0208,-0.6575,-1.6783
522,Arron Afflalo,SAC,6723,-0.3705,-1.3197,-1.6902
523,Jonathan Gibson,DAL,980,-0.4862,-1.2069,-1.6932
524,Mario Hezonja,ORL,4102,-1.1666,-0.5547,-1.7213
525,Brandon Jennings,NYK,6284,-0.6156,-1.106,-1.7216
526,Garrett Temple,SAC,7426,-0.7936,-0.9333,-1.7269
527,Tim Frazier,NOP,6650,-0.1838,-1.5704,-1.7542
528,Damjan Rudez,ORL,1336,-0.9008,-0.8638,-1.7647
529,Avery Bradley,BOS,7969,-0.5304,-1.2392,-1.7696
530,C.J. Watson,ORL,4379,-1.4904,-0.2905,-1.7808
531,Jordan Mickey,BOS,616,-0.7977,-0.9914,-1.7891
532,Dwyane Wade,CHI,7666,-1.2237,-0.5883,-1.812
533,Joakim Noah,NYK,4378,-0.9482,-0.9079,-1.8561
534,Trey Burke,WAS,2981,-1.0602,-0.8128,-1.873
535,Kent Bazemore,ATL,8748,-1.3478,-0.5363,-1.8842
536,Ben McLemore,SAC,5011,-1.1798,-0.7108,-1.8906
537,Allen Crabbe,POR,9919,-0.6033,-1.2958,-1.899
538,Kevon Looney,GSW,2028,-2.0813,0.1794,-1.9019
539,Zach LaVine,MIN,7404,-0.7992,-1.1031,-1.9023
540,Kyle Korver,ATL,3941,-0.8991,-1.01,-1.9091
541,Joffrey Lauvergne,TOT,4288,-0.9934,-0.9284,-1.9218
542,Gerald Henderson,PHI,7385,-0.6542,-1.2691,-1.9233
543,Tyler Johnson,MIA,9477,-1.7526,-0.1794,-1.932
544,Buddy Hield,TOT,8171,-0.7134,-1.2489,-1.9623
545,Trevor Booker,BRK,7923,-2.2861,0.3213,-1.9648
546,Tyreke Evans,SAC,1325,-1.8287,-0.1379,-1.9666
547,Jordan McRae,CLE,1645,-0.4904,-1.4882,-1.9785
548,Thomas Robinson,LAL,2496,-0.9635,-1.0214,-1.9849
549,Tyler Ulis,PHO,5167,-1.7026,-0.3028,-2.0054
550,Marquese Chriss,PHO,8001,-1.2914,-0.7428,-2.0341
551,Rashad Vaughn,MIL,1945,-1.5168,-0.5505,-2.0674
552,Andre Drummond,DET,10225,-0.8438,-1.2786,-2.1225
553,Tyreke Evans,TOT,3404,-1.5827,-0.5558,-2.1385
554,Bojan Bogdanovic,BRK,6681,-0.3736,-1.7875,-2.1611
555,Julius Randle,LAL,9443,-0.0938,-2.0739,-2.1677
556,Lance Thomas,NYK,4171,-1.0997,-1.0715,-2.1713
557,Josh McRoberts,MIA,1559,-1.0338,-1.1795,-2.2132
558,Shelvin Mack,UTA,4992,-1.565,-0.6753,-2.2403
559,Rajon Rondo,CHI,7882,-0.7261,-1.5144,-2.2406
560,Bryn Forbes,SAS,1205,-1.8536,-0.3896,-2.2432
561,Will Barton,DEN,7510,-0.7964,-1.4487,-2.2451
562,Nicolas Brussino,DAL,2187,-0.4501,-1.7977,-2.2478
563,Tyreke Evans,NOP,2079,-1.4259,-0.8221,-2.248
564,Raymond Felton,LAC,7341,-1.0369,-1.2225,-2.2594
565,Pascal Siakam,TOR,3650,-1.3527,-0.9191,-2.2718
566,Mike Muscala,ATL,5411,-0.8221,-1.5276,-2.3497
567,Emmanuel Mudiay,DEN,6328,-1.0657,-1.3141,-2.3798
568,Kenneth Faried,DEN,5766,-0.4363,-1.9482,-2.3845
569,Joffrey Lauvergne,OKC,3248,-1.2476,-1.1589,-2.4065
570,Bismack Biyombo,ORL,7648,-1.7691,-0.6391,-2.4082
571,Anthony Bennett,BRK,1234,-0.0752,-2.3489,-2.4242
572,Kyle Korver,TOT,7685,-0.5599,-1.8706,-2.4305
573,Omri Casspi,MIN,961,-0.1207,-2.3794,-2.5001
574,Semaj Christon,OKC,4192,-1.2467,-1.2973,-2.5441
575,Joe Young,IND,594,-1.6804,-0.8879,-2.5683
576,Isaiah Canaan,CHI,2497,-1.6901,-0.9416,-2.6316
577,James Jones,CLE,1640,-1.5288,-1.1102,-2.639
578,Jose Calderon,LAL,1257,-1.5202,-1.2465,-2.7667
579,James Michael McAdoo,GSW,2006,-2.4328,-0.3376,-2.7704
580,Brandon Bass,LAC,2451,-0.23,-2.6778,-2.9077
581,Alex Len,PHO,7122,-2.7661,-0.1951,-2.9612
582,Dwight Powell,DAL,5501,-0.5181,-2.4531,-2.9712
583,Kyle Korver,CLE,3744,-0.2027,-2.7765,-2.9793
584,Marcus Thornton,WAS,2486,-0.7177,-2.3255,-3.0432
585,Reggie Jackson,DET,6035,-0.5851,-2.4704,-3.0555
586,Jusuf Nurkic,DEN,3610,-3.4154,0.2749,-3.1405
587,Jordan Clarkson,LAL,10689,-1.0054,-2.1503,-3.1557
588,Jerami Grant,TOT,6879,-2.3497,-1.0345,-3.3842
589,Jerami Grant,OKC,6690,-2.4015,-1.0677,-3.4692
590,Wade Baldwin,MEM,1755,-2.7691,-0.7494,-3.5185
591,Buddy Hield,NOP,5076,-1.5731,-2.0012,-3.5743
592,Donatas Motiejunas,NOP,2120,-0.7841,-2.8812,-3.6653
593,D.J. Augustin,ORL,6606,-3.3341,-0.9778,-4.3119
594,Patrick McCaw,GSW,4843,-3.329,-1.0763,-4.4054
595,Jahlil Okafor,PHI,4924,-2.6217,-1.788,-4.4098
